{"cameraMode":{"drawMode":0,"name":"Shaded","section":"Shading Mode"},"sceneLighting":true,"audioPlay":false,"sceneViewState":{"m_AlwaysRefresh":false,"showFog":true,"showSkybox":true,"showFlares":true,"showImageEffects":true,"showParticleSystems":true,"showVisualEffectGraphs":true,"m_FxEnabled":true},"in2DMode":false,"pivot":{"x":3.0513195991516115,"y":1.3393701314926148,"z":1.7516144514083863},"rotation":{"x":0.000637858989648521,"y":1.000246524810791,"z":-0.018617596477270128,"w":-0.0003155872691422701},"size":0.23604024946689607,"orthographic":false}